price,crime_rate,resid_area,air_qual,room_num,age,teachers,poor_prop,airport,n_hos_beds,n_hot_rooms,waterbody,rainfall,parks
28.1,0.14052,40.59,0.489,6.375,32.3,21.4,9.38,YES,7.562,10.2248,,3,0.044019172
10.2,14.3337,48.1,0.7,4.88,100.0,19.8,30.62,NO,6.104,10.0816,Lake,25,0.071030258
32.2,0.00906,32.97,0.4,7.088,20.8,24.7,7.85,YES,7.844,12.2576,Lake and River,30,0.042339768
20.7,0.03738,35.19,0.515,6.31,38.5,19.8,6.75,YES,7.514,15.1656,Lake and River,53,0.055402331
29.4,0.06664,34.05,0.51,6.546,33.1,23.4,5.33,YES,6.188,12.2352,,48,0.050839826
29.0,0.05561,32.24,0.4,7.041,10.0,25.2,4.74,YES,7.98,11.232,Lake,36,0.04137643
19.3,0.06617,33.24,0.46,5.868,25.8,23.1,9.97,YES,9.986,10.1544,Lake,35,0.039430781
10.9,15.8744,48.1,0.671,6.545,99.1,19.8,21.08,NO,8.618,10.0872,Lake and River,60,0.05814884
42.8,0.36894,35.86,0.431,8.259,8.4,20.9,3.54,NO,10.856,13.3424,River,53,0.050873374
50.0,0.01381,30.46,0.422,7.875,32.0,25.6,2.97,YES,8.2,14.4,River,26,0.042971351
26.6,0.05735,34.49,0.449,6.63,56.1,21.5,6.53,NO,9.732,12.2128,River,56,0.052065566
23.8,1.80028,49.58,0.605,5.877,79.2,25.3,12.14,YES,10.076,10.1904,Lake,22,0.054831218
22.2,0.05083,35.19,0.515,6.316,38.1,19.8,5.68,NO,9.144,11.1776,,34,0.049894824
15.6,2.15505,49.58,0.871,5.628,100.0,25.3,16.65,YES,5.612,10.1248,River,32,0.075905363
19.0,0.05497,35.19,0.515,5.985,45.4,19.8,9.74,NO,6.38,11.152,Lake,28,0.04769962
21.5,1.6566,49.58,0.871,6.122,97.3,25.3,14.1,NO,5.53,12.172,River,34,0.083032787
50.0,0.02009,32.68,0.4161,8.034,31.9,25.3,2.88,YES,8.9,15.4,River,51,0.044178168
21.2,3.67367,48.1,0.583,6.312,51.9,19.8,10.58,NO,9.024,13.1696,Lake and River,51,0.049993542
22.9,0.08829,37.87,0.524,6.012,66.6,24.8,12.43,YES,6.958,12.1832,River,41,0.052169908
30.1,0.6147,36.2,0.507,6.618,80.8,22.6,7.6,YES,9.702,12.2408,River,39,0.0490122
30.1,0.01709,32.02,0.41,6.728,36.1,23.0,4.5,YES,6.102,12.2408,Lake,40,0.047356513
14.1,9.32909,48.1,0.713,6.185,98.7,19.8,18.13,YES,9.082,13.1128,,52,0.067950544
50.0,0.61154,33.97,0.647,8.704,86.9,27.0,5.12,YES,8.6,11.4,River,54,0.055193191
14.6,10.233,48.1,0.614,6.185,96.7,19.8,18.03,YES,5.292,15.1168,Lake,60,0.065217793
10.4,88.9762,48.1,0.671,6.968,91.9,19.8,17.21,YES,9.408,14.0832,,21,0.066591139
29.6,0.06047,32.46,0.488,6.153,68.8,22.2,13.15,YES,8.192,11.2368,Lake,45,0.046596095
17.1,9.72418,48.1,0.74,6.406,97.2,19.8,19.52,YES,9.242,15.1368,Lake and River,58,0.077408024
26.4,0.09266,36.09,0.433,6.495,18.4,23.9,8.67,YES,7.928,11.2112,Lake and River,42,0.03726343
14.3,0.88125,51.89,0.624,5.637,94.7,18.8,18.34,YES,7.886,10.1144,Lake,30,0.058060503
24.8,0.04297,35.32,0.405,6.565,22.9,23.4,9.51,NO,9.096,14.1984,,60,0.041045876
23.5,0.03584,33.37,0.398,6.29,17.8,23.9,4.67,NO,9.47,12.188,River,20,0.037495888
21.0,0.08014,35.96,0.499,5.85,41.5,20.8,8.77,YES,8.12,10.168,River,21,0.050974724
30.1,0.65665,33.97,0.647,6.842,100.0,27.0,6.9,YES,7.302,11.2408,River,40,0.0598956
46.7,0.29819,36.2,0.504,7.686,17.0,22.6,3.92,YES,10.134,14.3736,Lake,43,0.054927989
27.5,14.4383,48.1,0.597,6.852,100.0,19.8,19.78,YES,7.65,14.22,Lake,57,0.056582992
17.1,0.05023,36.06,0.4379,5.706,28.4,23.1,12.43,NO,6.742,14.1368,Lake,21,0.052187447
27.5,4.55587,48.1,0.718,3.561,87.9,19.8,7.12,YES,8.05,12.22,River,51,0.067931991
20.4,0.62976,38.14,0.538,5.949,61.8,19.0,8.26,YES,5.908,14.1632,,39,0.053463955
15.7,0.38735,55.65,0.581,5.613,95.6,20.9,27.26,NO,7.714,10.1256,Lake,42,0.063462127
50.0,2.01019,49.58,0.605,7.929,96.2,25.3,3.7,YES,8.3,15.4,River,37,0.052105035
19.6,1.49632,49.58,0.871,5.404,100.0,25.3,13.28,NO,6.492,11.1568,River,42,0.075318927
22.3,2.44953,49.58,0.605,6.402,95.2,25.3,11.32,NO,5.546,15.1784,Lake and River,22,0.053555634
25.0,5.73116,48.1,0.532,7.061,77.0,19.8,7.01,NO,5.5,11.2,Lake,29,0.058384238
23.1,0.13914,34.05,0.51,5.572,88.5,23.4,14.69,NO,9.362,12.1848,River,38,0.052949504
13.4,3.32105,49.58,0.871,5.403,100.0,25.3,26.82,YES,5.268,13.1072,River,42,0.080678048
22.4,0.21719,40.59,0.489,5.807,53.8,21.4,16.03,YES,6.848,13.1792,River,20,0.052656085
18.4,0.32982,51.89,0.624,5.822,95.4,18.8,15.03,YES,10.268,10.1472,Lake and River,58,0.061670168
35.1,0.21038,33.33,0.4429,6.812,32.2,25.1,4.85,NO,9.602,12.2808,Lake,26,0.051259589
32.4,0.05644,36.41,0.447,6.758,32.9,22.4,3.53,NO,10.648,12.2592,River,30,0.042514896
14.5,0.98843,38.14,0.538,5.813,100.0,19.0,19.88,YES,7.49,13.116,Lake,29,0.052609397
23.3,0.15445,35.13,0.453,6.145,29.2,20.3,6.86,NO,7.866,14.1864,,22,0.04378357
15.0,51.1358,48.1,0.597,5.757,100.0,19.8,10.11,NO,9.6,11.12,River,52,0.061616148
23.7,5.70818,48.1,0.532,6.75,74.9,19.8,7.74,NO,6.974,15.1896,,46,0.046987414
20.9,0.12816,36.07,0.409,5.885,33.0,21.1,8.79,NO,8.318,11.1672,Lake,56,0.038387608
26.6,0.12744,36.91,0.448,6.77,2.9,22.1,4.84,NO,7.732,13.2128,Lake and River,30,0.04943941
13.0,7.52601,48.1,0.713,6.417,98.3,19.8,19.31,YES,8.06,12.104,,27,0.073411072
19.9,3.83684,48.1,0.77,6.251,91.1,19.8,14.19,YES,8.898,13.1592,River,56,0.073252182
20.3,0.08387,42.83,0.437,5.874,36.6,21.3,9.1,NO,6.406,15.1624,Lake and River,37,0.047111045
18.1,0.55778,51.89,0.624,6.335,98.2,18.8,16.96,YES,7.862,11.1448,River,37,0.066297131
32.7,0.01301,31.52,0.442,7.241,49.3,24.5,5.49,YES,6.254,13.2616,,48,0.052440282
14.8,5.66637,48.1,0.74,6.219,100.0,19.8,16.59,NO,7.096,14.1184,River,54,0.07711596
22.3,0.0459,35.32,0.405,6.315,45.6,23.4,7.6,NO,5.846,12.1784,River,22,0.034847434
21.1,0.03961,35.19,0.515,6.037,34.5,19.8,8.01,YES,8.922,14.1688,,57,0.050577407
31.5,0.51183,36.2,0.507,7.358,71.6,22.6,4.73,YES,10.53,12.252,River,34,0.056108329
17.8,8.24809,48.1,0.713,7.393,99.3,19.8,16.74,YES,5.956,11.1424,River,42,0.069112577
21.8,0.17331,39.69,0.585,5.707,54.0,20.8,12.01,YES,5.936,14.1744,River,31,0.058020893
18.5,0.28392,37.38,0.493,5.708,74.3,20.4,11.74,YES,6.57,15.148,,25,0.050020111
14.8,0.95577,38.14,0.538,6.047,88.8,19.0,17.28,YES,8.696,13.1184,Lake,20,0.048746294
29.8,0.12579,33.44,0.437,6.556,29.1,24.8,4.56,YES,7.596,10.2384,River,40,0.045949197
20.6,2.37857,48.1,0.583,5.871,41.9,19.8,13.34,YES,8.112,12.1648,Lake,31,0.060860495
22.0,0.01096,32.25,0.389,6.453,31.9,24.7,8.23,YES,10.44,14.176,,55,0.034687927
28.5,0.03502,34.95,0.411,6.861,27.9,20.8,3.33,YES,8.07,11.228,River,53,0.039614292
13.9,15.288,48.1,0.671,6.649,93.3,19.8,23.24,YES,9.478,15.1112,,26,0.070452383
10.2,17.8667,48.1,0.671,6.223,100.0,19.8,21.78,NO,7.904,11.0816,Lake and River,46,0.058067105
22.0,0.03537,36.09,0.433,6.59,40.4,23.9,9.5,YES,9.94,12.176,River,21,0.037135615
50.0,9.2323,48.1,0.631,6.216,100.0,19.8,9.53,YES,9.8,13.4,,25,0.060880135
24.3,0.33983,35.86,0.431,6.108,34.9,20.9,9.16,YES,7.086,11.1944,,25,0.048857201
24.6,0.05425,34.05,0.51,6.315,73.4,23.4,6.29,YES,7.092,14.1968,Lake,31,0.047376831
19.5,0.03427,35.19,0.515,5.869,46.3,19.8,9.8,NO,10.09,15.156,River,53,0.044682897
27.5,0.14866,38.56,0.52,6.727,79.9,19.1,9.42,YES,9.65,15.22,Lake,24,0.046955478
13.8,8.05579,48.1,0.584,5.427,95.4,19.8,18.14,NO,9.076,11.1104,Lake and River,47,0.049707252
13.4,7.05042,48.1,0.614,6.103,85.1,19.8,23.29,NO,8.268,81.12,Lake,29,0.063343967
15.4,2.73397,49.58,0.871,5.597,94.9,25.3,21.45,NO,10.108,15.1232,,48,0.075894744
25.0,0.19802,40.59,0.489,6.182,42.4,21.4,9.47,YES,,12.2,Lake,30,0.04792534
23.4,0.04981,35.64,0.439,5.998,21.4,23.2,8.43,NO,9.168,11.1872,River,41,0.041560598
20.6,0.04527,41.93,0.573,6.12,76.7,19.0,9.08,YES,6.612,13.1648,Lake and River,20,0.059903421
23.7,0.08244,34.93,0.428,6.481,18.5,23.4,6.36,YES,7.374,12.1896,Lake and River,48,0.049067932
19.6,0.85204,38.14,0.538,5.965,89.2,19.0,13.83,YES,9.192,14.1568,,23,0.054040555
12.8,9.39063,48.1,0.74,5.627,93.9,19.8,22.88,YES,8.456,15.1024,,50,0.073012667
27.0,1.27346,49.58,0.605,6.25,92.6,25.3,5.5,YES,8.44,12.216,Lake,23,0.051890692
23.9,0.08265,43.92,0.437,6.127,18.4,24.0,8.58,YES,7.278,14.1912,River,46,0.04846407
23.6,0.0566,33.41,0.489,7.007,86.3,22.2,5.5,NO,6.972,10.1888,River,28,0.04554757
22.6,0.04684,33.41,0.489,6.417,66.1,22.2,8.81,YES,7.352,15.1808,Lake,58,0.042303076
32.5,0.10008,32.46,0.488,6.563,95.6,22.2,5.68,YES,7.35,14.26,Lake,60,0.045047217
19.4,0.26169,39.9,0.544,6.023,90.4,21.6,11.72,YES,6.288,13.1552,,26,0.053472691
32.0,0.07875,33.44,0.437,6.782,41.1,24.8,6.68,YES,7.84,13.256,River,23,0.042225334
14.1,10.0623,48.1,0.584,6.833,94.3,19.8,19.69,YES,6.682,14.1128,Lake,29,0.054610526
19.4,0.21977,36.91,0.448,5.602,62.0,22.1,16.2,NO,5.988,13.1552,Lake and River,45,0.050609653
37.9,0.09103,32.46,0.488,7.155,92.2,22.2,4.82,YES,9.258,15.3032,River,56,0.042959915
48.3,0.33147,36.2,0.507,8.247,70.4,22.6,3.95,YES,9.066,11.3864,,23,0.050358562
36.4,0.08664,33.44,0.437,7.178,26.3,24.8,2.87,YES,10.528,11.2912,Lake,40,0.044716451
23.1,13.5222,48.1,0.631,3.863,100.0,19.8,13.33,NO,9.962,11.1848,Lake,24,0.055889023
14.4,9.51363,48.1,0.713,6.728,94.1,19.8,18.71,NO,5.888,14.1152,River,34,0.066068471
41.7,0.57529,36.2,0.507,8.337,73.3,22.6,2.47,YES,6.634,11.3336,River,28,0.057302659
19.9,3.1636,48.1,0.655,5.759,48.2,19.8,14.13,NO,9.998,12.1592,,43,0.065980125
15.0,0.22489,37.87,0.524,6.377,94.3,24.8,20.45,NO,6.0,11.12,Lake,29,0.057775258
34.7,0.02729,37.07,0.469,7.185,61.1,22.2,4.03,NO,7.394,101.12,,38,0.045763966
18.4,0.77299,38.14,0.538,6.495,94.4,19.0,12.8,YES,5.968,15.1472,River,35,0.054327375
11.3,9.18702,48.1,0.7,5.536,100.0,19.8,23.6,YES,8.226,11.0904,River,46,0.060649594
50.0,1.83377,49.58,0.605,7.802,98.2,25.3,1.92,YES,8.4,12.4,Lake,22,0.055681854
22.6,4.26131,48.1,0.77,6.112,81.3,19.8,12.67,NO,,14.1808,Lake,26,0.074238745
30.8,0.02763,32.95,0.428,6.595,21.8,21.7,4.32,YES,6.916,12.2464,River,49,0.045051199
22.8,0.10084,40.01,0.547,6.715,81.6,22.2,10.16,YES,5.656,13.1824,River,34,0.05432915
18.6,0.07244,31.69,0.411,5.884,18.5,21.7,7.79,YES,7.372,11.1488,River,50,0.039638648
14.1,4.75237,48.1,0.713,6.525,86.5,19.8,18.13,NO,7.782,14.1128,River,36,0.061925584
18.9,0.11747,37.87,0.524,6.009,82.9,24.8,13.27,NO,9.278,13.1512,Lake and River,23,0.055236508
18.2,0.63796,38.14,0.538,6.096,84.5,19.0,10.26,NO,6.964,13.1456,,49,0.059882129
18.5,0.03041,35.19,0.515,5.895,59.6,19.8,10.56,YES,8.27,12.148,River,21,0.056682367
48.5,0.0351,32.68,0.4161,7.853,33.2,25.3,3.81,NO,8.77,11.388,,22,0.040932911
17.2,7.40389,48.1,0.597,5.617,97.9,19.8,26.4,NO,6.444,12.1376,River,25,0.052765327
15.3,1.12658,49.58,0.871,5.012,88.0,25.3,12.12,YES,5.406,10.1224,,46,0.085078322
31.6,0.41238,36.2,0.504,7.163,79.9,22.6,6.36,NO,6.332,10.2528,River,34,0.054049996
16.8,4.22239,48.1,0.77,5.803,89.0,19.8,14.64,YES,9.736,15.1344,Lake and River,57,0.08028456
37.3,0.07886,34.95,0.411,7.148,27.7,20.8,3.56,YES,8.146,10.2984,,37,0.047461264
22.5,0.06466,32.24,0.4,6.345,20.1,25.2,4.97,NO,9.45,13.18,Lake,48,0.036877731
25.0,0.0536,35.64,0.439,6.511,21.1,23.2,5.28,NO,9.9,14.2,River,56,0.046151955
46.0,0.06129,33.33,0.4429,7.645,49.7,25.1,3.01,YES,8.72,12.368,Lake,25,0.05114129
32.9,0.01778,31.47,0.403,7.135,13.9,23.0,4.45,NO,5.958,10.2632,Lake,22,0.046477735
31.5,0.44178,36.2,0.504,6.552,21.4,22.6,3.76,YES,7.33,15.252,,47,0.044352419
36.5,0.55007,33.97,0.647,7.206,91.6,27.0,8.1,YES,8.53,14.292,River,36,0.058798548
19.3,0.21161,38.56,0.52,6.137,87.4,19.1,13.44,YES,6.886,14.1544,,36,0.05540686
9.7,11.5779,48.1,0.7,5.036,97.0,19.8,25.68,NO,5.494,14.0776,,51,0.068542099
20.0,6.80117,48.1,0.713,6.081,84.4,19.8,14.7,YES,5.4,14.16,Lake,27,0.072635554
34.9,0.03359,32.95,0.428,7.024,15.8,21.7,1.98,YES,6.198,15.2792,River,20,0.042761796
16.6,0.22927,36.91,0.448,6.03,85.5,22.1,18.8,YES,5.332,12.1328,River,44,0.052566062
23.8,0.1676,37.38,0.493,6.426,52.3,20.4,7.2,YES,6.776,13.1904,River,48,0.055346637
19.6,0.10328,35.13,0.453,5.927,47.2,20.3,9.22,YES,6.192,14.1568,,20,0.045900171
27.9,0.03615,34.95,0.411,6.63,23.4,20.8,4.7,NO,8.458,12.2232,River,37,0.038906315
23.1,1.05393,38.14,0.538,5.935,29.3,19.0,6.58,NO,5.462,10.1848,,46,0.054698587
25.0,0.02875,45.04,0.464,6.211,28.9,21.8,6.21,NO,10.3,14.2,Lake and River,46,0.049108903
21.4,0.11504,32.89,0.445,6.163,69.6,22.0,11.34,NO,10.228,12.1712,River,21,0.046213944
13.8,8.64476,48.1,0.693,6.193,92.6,19.8,15.17,NO,9.076,14.1104,River,55,0.062731082
12.1,9.59571,48.1,0.693,6.404,100.0,19.8,20.31,NO,5.442,14.0968,River,42,0.068858839
35.4,0.03705,33.33,0.4429,6.968,37.2,25.1,4.59,YES,8.508,14.2832,,48,0.042131214
23.7,0.12757,34.93,0.428,6.393,7.8,23.4,5.19,YES,7.374,15.1896,River,26,0.048029264
15.1,6.96215,48.1,0.7,5.713,97.0,19.8,17.11,YES,9.702,11.1208,River,20,0.071082586
35.2,0.22188,36.96,0.464,7.691,51.8,21.4,6.58,YES,6.004,10.2816,River,39,0.042436929
22.5,0.05188,34.49,0.449,6.015,45.1,21.5,12.86,YES,5.95,11.18,River,50,0.047156577
21.0,1.00245,38.14,0.538,6.674,87.3,19.0,11.98,NO,9.02,12.168,River,50,0.048769785
15.6,4.0974,49.58,0.871,5.468,100.0,25.3,26.42,YES,7.312,13.1248,,25,0.07925606
28.6,0.12932,43.92,0.437,6.678,31.1,24.0,6.27,YES,6.972,10.2288,River,44,0.042031036
20.0,0.18836,36.91,0.448,5.786,33.3,22.1,14.15,YES,9.3,12.16,Lake,39,0.045462478
15.2,0.15086,57.74,0.609,5.454,92.7,19.9,18.06,NO,6.004,14.1216,,28,0.060475976
27.0,0.11329,34.93,0.428,6.897,54.3,23.4,11.38,YES,10.24,11.216,,24,0.038641351
25.0,0.34109,37.38,0.493,6.415,40.1,20.4,6.12,NO,8.6,15.2,River,52,0.047326766
23.2,0.03871,35.32,0.405,6.209,31.3,23.4,7.14,YES,9.964,14.1856,Lake,60,0.043226217
17.4,1.20742,49.58,0.605,5.875,94.6,25.3,14.43,NO,7.948,11.1392,Lake,28,0.060587462
16.3,28.6558,48.1,0.597,5.155,100.0,19.8,20.08,NO,6.626,14.1304,River,58,0.055800358
30.7,0.7857,33.97,0.647,7.014,84.6,27.0,14.79,NO,6.114,10.2456,River,41,0.05775938
20.1,0.01965,31.76,0.385,6.23,31.5,21.8,12.93,YES,8.302,10.1608,,39,0.033291762
22.9,0.04203,45.04,0.464,6.442,53.6,21.8,8.16,NO,9.158,14.1832,Lake,60,0.051749737
23.1,0.40202,39.9,0.544,6.382,67.2,21.6,10.36,NO,5.562,10.1848,,53,0.051488997
17.5,0.7842,38.14,0.538,5.99,81.7,19.0,14.67,NO,5.45,11.14,Lake,56,0.05478547
18.7,0.06151,35.19,0.515,5.968,58.5,19.8,9.29,YES,6.474,13.1496,,20,0.053311543
11.9,20.7162,48.1,0.659,4.138,100.0,19.8,23.34,YES,8.538,14.0952,River,53,0.061901185
20.9,0.03548,33.64,0.392,5.876,19.1,23.6,9.25,NO,7.818,15.1672,,31,0.043736448
34.9,0.0837,33.44,0.437,7.185,38.9,24.8,5.39,NO,9.298,14.2792,River,20,0.04637912
17.4,0.32264,51.89,0.624,5.942,93.5,18.8,16.9,NO,10.148,10.1392,River,37,0.062157471
13.1,1.15172,38.14,0.538,5.701,95.0,19.0,18.35,YES,8.362,15.1048,,25,0.057017179
19.7,0.08873,35.64,0.439,5.963,45.7,23.2,13.45,YES,,11.1576,River,21,0.040388562
18.9,0.06417,35.96,0.499,5.933,68.2,20.8,9.68,YES,9.478,11.1512,River,43,0.052911735
24.5,0.16439,35.86,0.431,6.433,49.1,20.9,9.52,YES,8.39,15.196,River,43,0.049388751
5.6,25.0461,48.1,0.693,5.987,100.0,19.8,26.77,YES,9.212,11.0448,Lake,30,0.061734722
33.0,0.09068,33.44,0.437,6.951,21.5,24.8,5.1,NO,6.16,11.264,,55,0.050923075
12.6,9.92485,48.1,0.74,6.251,96.6,19.8,16.44,YES,9.752,11.1008,,37,0.064950729
19.4,0.03466,36.06,0.4379,6.031,23.3,23.1,7.83,YES,7.488,14.1552,,22,0.051756241
24.4,0.13587,40.59,0.489,6.064,59.1,21.4,14.66,YES,6.888,14.1952,,31,0.044689385
28.7,0.02985,32.18,0.458,6.43,58.7,21.3,5.21,YES,7.174,14.2296,,53,0.045909647
21.9,3.47428,48.1,0.718,8.78,82.9,19.8,5.29,NO,8.038,12.1752,River,26,0.062172824
21.4,0.16902,55.65,0.581,5.986,88.4,20.9,14.81,YES,8.128,14.1712,Lake,22,0.060716839
15.6,0.75026,38.14,0.538,5.924,94.1,19.0,16.3,YES,8.212,13.1248,Lake,27,0.050109252
13.5,8.20058,48.1,0.713,5.936,80.3,19.8,16.94,NO,8.87,13.108,,46,0.074872202
11.8,10.6718,48.1,0.74,6.459,94.8,19.8,23.98,YES,5.336,12.0944,River,28,0.076180913
24.2,0.08826,40.81,0.413,6.417,6.6,20.8,6.72,YES,9.784,14.1936,River,38,0.040917773
20.5,0.09299,55.65,0.581,5.961,92.9,20.9,17.93,YES,8.91,10.164,,51,0.060720897
18.7,0.22212,40.01,0.547,6.092,95.4,22.2,17.09,YES,10.074,10.1496,River,59,0.060331195
22.2,0.07151,34.49,0.449,6.121,56.8,21.5,8.44,YES,7.244,12.1776,,43,0.050998564
5.0,38.3518,48.1,0.693,5.453,100.0,19.8,30.59,NO,9.3,13.04,Lake,26,0.065253151
11.7,8.79212,48.1,0.584,5.565,70.6,19.8,17.16,NO,7.834,11.0936,,57,0.063779016
16.2,0.25915,51.89,0.624,5.693,96.0,18.8,17.19,YES,5.924,15.1296,,31,0.056659877
30.5,0.06911,33.44,0.437,6.739,30.8,24.8,4.69,NO,8.81,11.244,,40,0.038316195
17.5,0.03113,34.39,0.442,6.014,48.5,21.2,10.53,YES,7.15,13.14,Lake,26,0.050677119
19.0,3.77498,48.1,0.655,5.952,84.7,19.8,17.15,YES,8.38,10.152,,21,0.057142887
17.2,0.06162,34.39,0.442,5.898,52.3,21.2,12.67,NO,6.044,13.1376,River,46,0.044077795
14.9,7.75223,48.1,0.713,6.301,83.7,19.8,16.23,NO,5.598,15.1192,River,39,0.064939128
24.2,0.17505,35.96,0.499,5.966,30.2,20.8,10.13,YES,8.184,10.1936,River,21,0.048389259
25.0,4.54192,48.1,0.77,6.398,88.0,19.8,7.79,NO,8.8,10.2,,37,0.067257872
6.3,9.91655,48.1,0.693,5.852,77.8,19.8,29.97,NO,6.726,14.0504,River,42,0.061264059
17.6,0.20608,35.86,0.431,5.593,76.5,20.9,12.5,NO,6.252,12.1408,,42,0.041141822
23.2,3.56868,48.1,0.58,6.437,75.0,19.8,14.36,YES,8.464,15.1856,Lake and River,39,0.063409461
8.3,24.8017,48.1,0.693,5.349,96.0,19.8,19.77,YES,,15.0664,River,40,0.067688666
22.7,2.24236,49.58,0.605,5.854,91.8,25.3,11.64,YES,8.354,15.1816,Lake,56,0.065833104
15.6,3.53501,49.58,0.871,6.152,82.6,25.3,15.02,NO,9.912,11.1248,River,37,0.086711473
11.0,7.36711,48.1,0.679,6.193,78.1,19.8,21.52,YES,8.52,12.088,River,45,0.067890699
13.1,2.44668,49.58,0.871,5.272,94.0,25.3,16.14,NO,6.362,10.1048,River,60,0.074884947
23.9,0.04462,34.86,0.426,6.619,70.4,21.0,7.22,YES,5.578,12.1912,Lake,49,0.050032616
17.8,2.33099,49.58,0.871,5.186,93.8,25.3,28.32,NO,9.856,14.1424,Lake,43,0.08378952
38.7,0.12083,32.89,0.445,8.069,76.0,22.0,4.21,YES,6.274,12.3096,River,53,0.041200534
50.0,8.26725,48.1,0.668,5.875,89.6,19.8,8.88,YES,10.8,12.4,,57,0.06447881
21.4,0.09512,42.83,0.437,6.286,45.0,21.3,8.94,NO,6.028,10.1712,,28,0.038144597
17.8,0.31827,39.9,0.544,5.914,83.2,21.6,18.33,NO,7.256,12.1424,River,43,0.051922204
36.0,0.66351,33.97,0.647,7.333,100.0,27.0,7.79,YES,8.02,15.288,River,58,0.060092539
17.2,14.0507,48.1,0.597,6.657,100.0,19.8,21.22,NO,9.644,14.1376,,44,0.055100907
22.9,0.06211,31.25,0.429,6.49,44.4,20.3,5.98,NO,7.258,15.1832,River,55,0.038897843
33.0,0.01951,31.38,0.4161,7.104,59.5,21.4,8.05,YES,8.26,10.264,Lake and River,30,0.038988656
29.0,0.44791,36.2,0.507,6.726,66.5,22.6,8.05,YES,9.88,13.232,River,32,0.044080596
28.7,0.05302,33.41,0.489,7.079,63.1,22.2,5.7,YES,7.574,15.2296,,31,0.047722824
24.1,0.07896,42.83,0.437,6.273,6.0,21.3,6.78,NO,7.882,10.1928,River,40,0.038894328
14.3,5.58107,48.1,0.713,6.436,87.9,19.8,16.22,NO,6.186,10.1144,Lake and River,46,0.061400159
45.4,0.03578,33.33,0.4429,7.82,64.5,25.1,3.76,NO,7.108,10.3632,,50,0.041950915
29.1,0.07978,36.41,0.447,6.482,32.1,22.4,7.19,YES,6.282,10.2328,River,38,0.047733893
21.9,3.69695,48.1,0.718,4.963,91.4,19.8,14.0,NO,10.238,14.1752,Lake,58,0.075653918
39.8,0.06588,32.46,0.488,7.765,83.3,22.2,7.56,YES,8.496,14.3184,Lake and River,60,0.046516009
21.4,7.83932,48.1,0.655,6.209,65.4,19.8,13.22,NO,7.828,11.1712,Lake and River,55,0.057674333
19.4,0.26363,38.56,0.52,6.229,91.2,19.1,15.55,YES,9.788,14.1552,,41,0.055473931
19.1,15.5757,48.1,0.58,5.926,71.0,19.8,18.13,NO,5.882,15.1528,,28,0.049370098
27.1,0.05372,43.92,0.437,6.549,51.0,24.0,7.39,NO,10.442,10.2168,,26,0.045355724
22.4,0.06263,41.93,0.573,6.593,69.1,19.0,9.67,NO,9.348,12.1792,Lake and River,27,0.056005681
22.8,0.49298,39.9,0.544,6.635,82.5,21.6,4.54,NO,7.156,11.1824,River,31,0.058075982
21.6,0.26938,39.9,0.544,6.266,82.8,21.6,7.9,YES,8.832,14.1728,,33,0.054245265
7.2,14.2362,48.1,0.693,6.343,100.0,19.8,20.32,YES,7.344,10.0576,,50,0.070291108
20.3,0.07165,55.65,0.581,6.004,84.1,20.9,14.27,YES,9.706,10.1624,Lake and River,39,0.056765616
13.3,0.2498,51.89,0.624,5.857,98.2,18.8,21.32,NO,8.066,14.1064,River,39,0.059284665
13.3,9.82349,48.1,0.671,6.794,98.8,19.8,21.24,YES,6.066,14.1064,,22,0.069007471
50.0,6.53876,48.1,0.631,7.016,97.5,19.8,2.96,YES,10.1,12.4,,46,0.05922939
26.6,0.02899,31.25,0.429,6.939,34.5,20.3,5.89,YES,5.632,11.2128,,30,0.039234716
22.0,0.05789,36.07,0.409,5.878,21.4,21.1,8.1,YES,7.14,13.176,River,29,0.040528069
23.2,0.07022,34.05,0.51,6.02,47.2,23.4,10.11,YES,8.564,15.1856,Lake,49,0.05195249
21.7,0.08199,43.92,0.437,6.009,42.3,24.0,10.4,NO,8.834,11.1736,Lake,23,0.03857924
18.0,0.32543,51.89,0.624,6.431,98.8,18.8,15.39,NO,8.16,14.144,,41,0.056365006
36.1,0.05515,32.18,0.472,7.236,41.1,21.6,6.93,NO,6.922,10.2888,River,55,0.052321498
20.6,4.83567,48.1,0.583,5.905,53.2,19.8,11.45,NO,8.412,11.1648,,44,0.062054499
29.9,0.06642,34.05,0.51,6.86,74.4,23.4,6.92,NO,5.898,11.2392,,28,0.054717152
31.0,0.82526,33.97,0.647,7.327,94.5,27.0,11.25,YES,5.72,11.248,,60,0.055456883
13.8,2.37934,49.58,0.871,6.13,100.0,25.3,27.8,YES,7.776,10.1104,River,59,0.084516058
13.9,0.84054,38.14,0.538,5.599,85.7,19.0,16.51,YES,9.378,13.1112,River,35,0.051585152
22.2,0.1029,34.93,0.428,6.358,52.9,23.4,11.22,YES,6.044,10.1776,River,42,0.041118808
17.3,0.15038,55.65,0.581,5.856,97.0,20.9,25.41,YES,9.146,10.1384,Lake,51,0.052355372
19.6,4.03841,48.1,0.532,6.229,90.7,19.8,12.87,YES,8.692,13.1568,Lake and River,52,0.04747729
19.2,0.34006,51.89,0.624,6.458,98.9,18.8,12.6,YES,8.984,13.1536,,25,0.066273177
19.5,6.65492,48.1,0.713,6.317,83.0,19.8,13.99,NO,5.89,15.156,River,22,0.070732691
20.4,0.35114,37.38,0.493,6.041,49.9,20.4,7.7,NO,8.908,13.1632,,40,0.045674585
12.5,5.87205,48.1,0.693,6.405,96.0,19.8,19.37,YES,5.45,11.1,River,24,0.068462877
15.6,0.97617,51.89,0.624,5.757,98.4,18.8,17.31,NO,9.012,11.1248,Lake and River,32,0.064571272
19.5,0.13262,38.56,0.52,5.851,96.7,19.1,16.47,YES,7.89,13.156,,57,0.05142062
33.8,0.54011,33.97,0.647,7.203,81.8,27.0,9.59,YES,,11.2704,Lake,21,0.068040719
24.8,0.21409,35.86,0.431,6.438,8.9,20.9,3.59,NO,10.296,12.1984,Lake,50,0.046856215
17.7,3.69311,48.1,0.713,6.376,88.4,19.8,14.65,YES,9.854,13.1416,,24,0.062928764
25.2,0.16211,36.96,0.464,6.24,16.3,21.4,6.59,NO,6.604,10.2016,River,25,0.043394822
17.4,0.13554,36.07,0.409,5.594,36.8,21.1,13.09,NO,8.848,15.1392,River,40,0.048420864
24.1,0.0795,31.69,0.411,6.579,35.9,21.7,5.49,YES,5.582,10.1928,River,45,0.036212003
31.7,0.46296,36.2,0.504,7.412,76.9,22.6,5.25,YES,6.734,10.2536,,26,0.05392758
16.4,4.81213,48.1,0.713,6.701,90.0,19.8,16.42,YES,9.428,12.1312,River,29,0.060878559
12.7,13.3598,48.1,0.693,5.887,94.7,19.8,16.35,NO,6.754,15.1016,,40,0.065389612
23.8,0.3692,39.9,0.544,6.567,87.3,21.6,9.28,YES,9.576,13.1904,Lake,56,0.054380967
26.5,0.11432,38.56,0.52,6.781,71.3,19.1,7.67,YES,7.23,10.212,River,58,0.0444151
20.4,0.13117,38.56,0.52,6.127,85.2,19.1,14.09,YES,6.008,14.1632,Lake and River,57,0.05169746
37.2,0.0578,32.46,0.488,6.98,58.4,22.2,5.04,NO,9.744,11.2976,Lake,50,0.045500586
19.8,0.24522,39.9,0.544,5.782,71.7,21.6,15.94,NO,9.796,12.1584,River,50,0.04706184
31.2,0.03049,33.78,0.484,6.874,28.1,22.4,4.61,NO,10.624,11.2496,River,23,0.046382519
18.2,0.04301,31.91,0.413,5.663,21.9,18.0,8.05,NO,8.764,12.1456,,34,0.046933708
20.5,0.19657,35.86,0.431,6.226,79.2,20.9,10.15,NO,9.81,12.164,River,31,0.046513913
21.2,0.13158,40.01,0.547,6.176,72.5,22.2,12.04,NO,6.524,13.1696,,23,0.052774054
13.4,11.1604,48.1,0.74,6.629,94.6,19.8,23.27,NO,10.168,12.1072,Lake and River,46,0.076801062
33.3,0.04011,31.52,0.404,7.287,34.1,27.4,4.08,YES,7.266,15.2664,Lake and River,20,0.036635762
16.0,0.17171,35.13,0.453,5.966,93.4,20.3,14.44,NO,6.22,15.128,River,48,0.038611012
23.9,0.06076,41.93,0.573,6.976,91.0,19.0,5.64,NO,5.478,12.1912,,31,0.057572286
19.3,0.17142,36.91,0.448,5.682,33.8,22.1,10.21,NO,8.086,11.1544,River,21,0.044495948
20.0,0.10153,42.83,0.437,6.279,74.5,21.3,11.97,NO,7.3,12.16,,22,0.045274535
23.1,0.0187,34.15,0.429,6.516,27.7,22.1,6.36,YES,8.162,12.1848,Lake,47,0.038407038
18.8,0.09849,55.65,0.581,5.879,95.8,20.9,17.58,NO,6.276,13.1504,River,56,0.062119064
19.1,2.3139,49.58,0.605,5.88,97.3,25.3,12.03,NO,9.782,12.1528,River,54,0.057446331
33.1,0.1,36.09,0.433,6.982,17.7,23.9,4.86,NO,8.262,14.2648,,34,0.051095004
22.1,0.79041,39.9,0.544,6.122,52.8,21.6,5.98,YES,8.242,15.1768,River,46,0.055734022
21.2,0.05646,42.83,0.437,6.232,53.7,21.3,12.34,YES,8.824,15.1696,Lake,53,0.03764722
24.3,0.537,36.2,0.504,5.981,68.1,22.6,11.65,NO,8.286,10.1944,,59,0.046602048
20.8,3.67822,48.1,0.77,5.362,96.2,19.8,10.19,NO,8.016,14.1664,Lake,52,0.069929484
8.1,0.20746,57.74,0.609,5.093,98.0,19.9,29.68,YES,9.162,10.0648,Lake and River,49,0.062741536
33.2,0.10469,36.41,0.447,7.267,49.0,22.4,6.05,NO,8.564,11.2656,Lake,35,0.042341511
16.8,0.22438,39.69,0.585,6.027,79.7,20.8,14.33,NO,6.236,14.1344,Lake,54,0.052497379
28.2,0.04932,32.18,0.472,6.849,70.3,21.6,7.53,YES,10.464,12.2256,Lake and River,46,0.046920311
13.2,1.38799,38.14,0.538,5.95,82.0,19.0,27.71,NO,8.764,14.1056,River,25,0.053285159
10.2,12.2472,48.1,0.584,5.837,59.7,19.8,15.69,NO,9.104,14.0816,,33,0.055707938
8.2,15.1772,48.1,0.74,6.152,100.0,19.8,26.45,NO,9.864,11.0656,,60,0.06739388
20.6,0.04294,45.04,0.464,6.249,77.3,21.8,10.59,NO,5.712,13.1648,Lake and River,54,0.046459979
33.1,0.06127,36.41,0.447,6.826,27.6,22.4,4.16,NO,6.262,11.2648,River,21,0.041667833
20.8,12.0482,48.1,0.614,5.648,87.6,19.8,14.1,NO,8.916,11.1664,,36,0.058066317
26.2,0.19073,35.86,0.431,6.718,17.5,20.9,6.56,YES,9.324,11.2096,,39,0.044233351
50.0,0.01501,31.21,0.401,7.923,24.8,26.4,3.16,YES,8.7,13.4,Lake,20,0.048894815
18.3,0.17134,40.01,0.547,5.928,88.2,22.2,15.76,NO,7.566,11.1464,,24,0.053824188
19.3,0.14476,40.01,0.547,5.731,65.2,22.2,13.61,YES,10.186,11.1544,River,20,0.052908001
24.4,0.1403,35.86,0.431,6.487,13.0,20.9,5.9,YES,6.188,14.1952,River,38,0.038843516
24.1,0.03445,32.03,0.415,6.162,38.4,25.3,7.43,YES,7.782,12.1928,River,32,0.041438068
21.5,0.11069,43.89,0.55,5.951,93.8,23.6,17.92,YES,8.73,14.172,,49,0.048031734
21.2,0.23912,39.69,0.585,6.019,65.3,20.8,12.92,YES,5.824,14.1696,River,32,0.054545842
7.0,0.18337,57.74,0.609,5.414,98.3,19.9,23.97,NO,9.84,15.056,,29,0.065888635
20.6,0.03306,35.19,0.515,6.059,37.3,19.8,8.51,YES,8.112,14.1648,River,26,0.053459545
23.9,0.05059,34.49,0.449,6.389,48.0,21.5,9.62,NO,6.678,14.1912,Lake,23,0.042125262
23.7,0.28955,40.59,0.489,5.412,9.8,21.4,29.55,YES,5.674,11.1896,,21,0.056117611
22.6,0.13642,40.59,0.489,5.891,22.3,21.4,10.87,YES,7.952,15.1808,River,26,0.056222
26.4,0.08308,32.46,0.488,5.604,89.8,22.2,13.98,YES,9.928,10.2112,Lake,27,0.046676165
18.3,0.26838,39.69,0.585,5.794,70.6,20.8,14.1,YES,5.366,14.1464,Lake,55,0.057946368
24.4,0.22969,40.59,0.489,6.326,52.5,21.4,10.97,YES,6.688,11.1952,River,52,0.051027894
18.5,0.19133,35.86,0.431,5.605,70.2,20.9,18.46,YES,9.27,10.148,,59,0.043718216
21.4,14.3337,48.1,0.614,6.229,88.0,19.8,13.11,NO,6.128,10.1712,River,32,0.063157529
13.5,1.61282,38.14,0.538,6.096,96.9,19.0,20.34,YES,9.67,11.108,,40,0.049603305
9.5,9.33889,48.1,0.679,6.38,95.6,19.8,24.08,YES,8.79,12.076,,52,0.064037395
22.8,0.09164,40.81,0.413,6.065,7.8,20.8,5.52,NO,5.856,10.1824,River,20,0.036089025
10.4,25.9406,48.1,0.679,5.304,89.1,19.8,26.64,YES,8.608,15.0832,Lake and River,60,0.058834904
21.6,0.02731,37.07,0.469,6.421,78.9,22.2,9.14,NO,7.332,12.1728,Lake,42,0.046145633
8.8,20.0849,48.1,0.7,4.368,91.2,19.8,30.63,NO,5.676,14.0704,River,25,0.062556587
13.3,6.39312,48.1,0.584,6.162,97.4,19.8,24.1,YES,9.066,11.1064,Lake,27,0.063035421
25.0,0.1265,35.13,0.453,6.762,43.4,20.3,9.5,YES,5.9,13.2,Lake and River,28,0.046951062
25.1,0.52058,36.2,0.507,6.631,76.5,22.6,9.54,YES,9.402,15.2008,Lake and River,36,0.046360973
21.7,3.8497,48.1,0.77,6.395,91.0,19.8,13.27,NO,7.034,13.1736,Lake,56,0.075544099
20.0,0.09744,35.96,0.499,5.841,61.4,20.8,11.41,NO,7.5,15.16,,39,0.045356817
22.9,0.03551,34.86,0.426,6.167,46.7,21.0,7.51,YES,7.558,10.1832,Lake,34,0.040448628
12.7,4.66883,48.1,0.713,5.976,87.9,19.8,19.01,NO,7.154,15.1016,River,31,0.06376258
31.6,0.01432,31.32,0.411,6.816,40.5,24.9,3.95,YES,7.432,15.2528,Lake,45,0.042595273
19.0,0.04741,41.93,0.573,6.03,80.8,19.0,7.88,YES,10.28,10.152,,45,0.060335899
43.8,0.08187,32.89,0.445,7.82,36.9,22.0,3.57,YES,10.876,10.3504,Lake and River,25,0.051129581
16.7,4.87141,48.1,0.614,6.484,93.6,19.8,18.68,YES,6.134,14.1336,River,22,0.056696324
19.3,0.37578,40.59,0.489,5.404,88.6,21.4,23.98,NO,5.986,14.1544,River,39,0.048873203
19.4,2.14918,49.58,0.871,5.709,98.5,25.3,15.79,NO,6.088,12.1552,,58,0.083903874
21.7,0.10793,38.56,0.52,6.195,54.4,19.1,13.0,YES,6.934,10.1736,,37,0.045227306
19.2,0.15098,40.01,0.547,6.021,82.6,22.2,10.3,NO,9.484,15.1536,Lake and River,28,0.060808694
23.3,0.09252,34.93,0.428,6.606,42.2,23.4,7.37,NO,5.566,15.1864,Lake and River,51,0.041232141
23.3,0.0456,43.89,0.55,5.888,56.0,23.6,13.51,YES,5.466,12.1864,Lake and River,22,0.061620518
24.0,0.33045,36.2,0.507,6.086,61.5,22.6,10.88,YES,9.18,14.192,,57,0.052493323
28.4,0.12204,32.89,0.445,6.625,57.8,22.0,6.65,NO,9.968,14.2272,River,46,0.046627461
33.2,0.0686,32.89,0.445,7.416,62.5,22.0,6.19,NO,6.564,13.2656,River,31,0.050933645
20.3,0.14103,43.92,0.437,5.79,58.0,24.0,15.84,YES,7.606,11.1624,,42,0.052079028
26.7,0.35809,36.2,0.507,6.951,88.5,22.6,9.71,NO,8.734,11.2136,River,23,0.053540387
23.2,5.29305,48.1,0.7,6.051,82.5,19.8,18.76,YES,9.664,10.1856,River,53,0.061832936
17.5,0.17783,39.69,0.585,5.569,73.5,20.8,15.1,NO,9.85,14.14,Lake,47,0.063466301
28.0,0.04113,34.86,0.426,6.727,33.5,21.0,5.29,YES,6.46,14.224,Lake,54,0.037354248
11.5,8.15174,48.1,0.7,5.39,98.9,19.8,20.85,NO,6.03,12.092,Lake and River,51,0.061502094
19.8,0.12802,38.56,0.52,6.474,97.1,19.1,12.27,NO,8.596,10.1584,Lake and River,48,0.050114607
20.2,5.82115,48.1,0.713,6.513,89.9,19.8,10.29,YES,8.804,15.1616,,30,0.075168226
14.5,1.35472,38.14,0.538,6.072,100.0,19.0,13.04,YES,9.29,12.116,,23,0.052254284
37.6,0.38214,36.2,0.504,8.04,86.5,22.6,3.13,YES,5.952,10.3008,Lake and River,54,0.053115719
8.4,11.8123,48.1,0.718,6.824,76.5,19.8,22.74,NO,5.968,13.0672,,26,0.063264165
10.9,37.6619,48.1,0.679,6.202,78.7,19.8,14.52,NO,7.518,11.0872,Lake,42,0.066286981
23.9,0.02543,33.78,0.484,6.696,56.4,22.4,7.18,YES,8.978,15.1912,Lake and River,52,0.047871549
14.5,8.49213,48.1,0.584,6.348,86.1,19.8,17.64,NO,9.09,11.116,River,53,0.063629899
24.8,0.04417,32.24,0.4,6.871,47.4,25.2,6.07,YES,9.096,11.1984,River,29,0.042859916
18.7,0.14932,35.13,0.453,5.741,66.2,20.3,13.15,NO,7.974,11.1496,River,30,0.043822595
12.7,1.13081,38.14,0.538,5.713,94.1,19.0,22.6,NO,9.854,12.1016,Lake,34,0.058542025
15.2,5.44114,48.1,0.713,6.655,98.2,19.8,17.73,YES,8.104,11.1216,,41,0.061385953
23.0,5.82401,48.1,0.532,6.242,64.7,19.8,10.74,NO,8.56,13.184,River,22,0.046089256
11.7,13.9134,48.1,0.713,6.208,95.0,19.8,15.17,NO,7.834,11.0936,,37,0.074839333
21.7,0.17446,40.59,0.489,5.96,92.1,21.4,17.27,YES,8.034,12.1736,,36,0.044598056
14.2,7.02259,48.1,0.718,6.006,95.3,19.8,15.7,NO,8.284,10.1136,,29,0.075559551
8.5,7.67202,48.1,0.693,5.747,98.9,19.8,19.92,NO,9.27,14.068,,22,0.06623652
17.9,18.811,48.1,0.597,4.628,100.0,19.8,34.37,NO,8.358,15.1432,,40,0.058674621
13.6,0.10574,57.74,0.609,5.983,98.8,19.9,18.07,NO,7.072,14.1088,,47,0.056278464
20.1,0.10612,34.93,0.428,6.095,65.1,23.4,12.4,NO,8.302,13.1608,,41,0.039667516
20.1,0.11132,57.74,0.609,5.983,83.5,19.9,13.35,YES,8.902,13.1608,River,57,0.062228045
34.9,0.0315,31.47,0.403,6.975,15.3,23.0,4.56,YES,7.998,13.2792,,24,0.041283982
20.6,0.10659,31.91,0.413,5.936,19.5,18.0,5.57,NO,9.312,13.1648,River,53,0.044335025
22.0,0.10959,41.93,0.573,6.794,89.3,19.0,6.48,YES,7.94,15.176,,47,0.060694299
19.6,1.19294,51.89,0.624,6.326,97.7,18.8,12.26,YES,7.592,12.1568,,29,0.055879606
15.2,1.23247,38.14,0.538,6.142,91.7,19.0,18.72,YES,5.804,14.1216,River,48,0.057413663
42.3,0.02177,32.03,0.415,7.61,15.7,25.3,3.11,NO,10.546,14.3384,Lake and River,30,0.045898658
50.0,0.05602,32.46,0.488,7.831,53.6,22.2,4.45,YES,6.0,13.4,Lake,35,0.045703391
20.1,0.1396,38.56,0.52,6.167,90.0,19.1,12.33,YES,7.102,10.1608,,20,0.045728768
24.5,0.01501,32.01,0.435,6.635,29.7,23.0,5.99,YES,6.29,13.196,,45,0.048923889
21.1,0.29916,36.96,0.464,5.856,42.1,21.4,13.0,YES,6.222,15.1688,,27,0.046563106
22.5,0.25199,40.59,0.489,5.783,72.7,21.4,18.06,YES,7.95,10.18,,38,0.05189131
24.3,1.34284,49.58,0.605,6.066,100.0,25.3,6.43,NO,8.886,13.1944,River,46,0.055598528
9.6,14.4208,48.1,0.74,6.461,93.3,19.8,18.05,YES,6.092,10.0768,River,57,0.070157854
16.5,0.21124,37.87,0.524,5.631,100.0,24.8,29.93,YES,5.93,12.132,,55,0.056302495
22.6,0.06724,33.24,0.46,6.333,17.2,23.1,7.34,NO,5.552,14.1808,,53,0.045171644
36.2,0.06888,32.46,0.488,6.144,62.2,22.2,9.45,YES,6.624,15.2896,River,59,0.056018002
28.4,0.05479,32.18,0.472,6.616,58.1,21.6,8.93,NO,6.568,15.2272,,22,0.045315188
44.8,0.31533,36.2,0.504,8.266,78.3,22.6,4.14,YES,6.796,12.3584,Lake,47,0.056999654
23.4,0.19539,40.81,0.413,6.245,6.2,20.8,7.54,YES,5.968,12.1872,Lake,45,0.043322646
22.0,0.03932,33.41,0.489,6.405,73.9,22.2,8.2,NO,8.24,13.176,River,23,0.045096039
15.4,9.96654,48.1,0.74,6.485,100.0,19.8,18.85,NO,6.608,14.1232,River,21,0.06694984
19.1,4.42228,48.1,0.584,6.003,94.5,19.8,21.32,NO,9.482,13.1528,Lake and River,21,0.050545377
35.4,0.01311,31.22,0.403,7.249,21.9,22.1,4.81,YES,7.508,13.2832,River,50,0.047984816
19.8,0.04544,33.24,0.46,6.144,32.2,23.1,9.09,NO,9.396,11.1584,River,26,0.043030882
23.3,1.42502,49.58,0.871,6.51,100.0,25.3,7.39,YES,7.166,12.1864,Lake,36,0.076488584
18.2,0.7258,38.14,0.538,5.727,69.5,19.0,11.28,NO,8.564,12.1456,Lake and River,27,0.057770199
18.5,0.14231,40.01,0.547,6.254,84.2,22.2,10.45,NO,6.67,12.148,Lake and River,39,0.056980267
22.2,0.24103,37.38,0.493,6.083,43.7,20.4,12.79,NO,9.044,15.1776,,27,0.050830442
43.5,0.5405,33.97,0.575,7.47,52.6,27.0,3.16,NO,9.07,15.348,Lake,43,0.050390185
31.1,0.02187,32.93,0.401,6.8,9.9,24.4,5.03,NO,6.822,13.2488,River,24,0.041103452
33.4,0.07503,32.18,0.472,7.42,71.9,21.6,6.47,YES,10.668,12.2672,River,23,0.050502605
10.5,22.0511,48.1,0.74,5.818,92.4,19.8,22.11,NO,7.41,12.084,,38,0.075248915
25.0,2.924,49.58,0.605,6.101,93.0,25.3,9.81,YES,10.0,12.2,River,22,0.053283066
22.1,0.14455,37.87,0.524,6.172,96.1,24.8,19.15,NO,5.842,12.1768,Lake,56,0.057074901
23.0,0.11425,43.89,0.55,6.373,92.4,23.6,10.5,YES,6.16,13.184,,21,0.056016354
23.0,0.30347,37.38,0.493,6.312,28.9,20.4,6.15,YES,7.06,12.184,River,36,0.048493779
